Study_ID,PFAS_focus,PFAS_focus_comments,PFAS_one_many,Year_sampling_start,Year_sampling_end,Year_sampling_comments,Species_one_many,Species_comment,Habitat,Habitat_comments,Sex,Sex_Comments,Developmental_stage,Developmental_stage_comments,Functional_aspects,Functional_aspects_comments,Biogeographical_region,Biogeographical_region_comments,Tissue_one_many,Tissue_one_many_comments,Study_comment,Checked,
P_0001,Yes,,Multiple,2008,2009,,One,,Estuarine,,Mixed,,Juvenile/adult,,Yes,,Subtropical,,One,,,CV,
P_0002,No,,Multiple,2005,2005,,One,,Terrestrial Coastal,,Mixed,,Juvenile/adult,,Yes,,Polar,,One,,,CV,
P_0003,No,,Multiple,1993,1993,,One,,Terrestrial Inland,,Unknown,,Eggs/early development,,No,,Temperate,,One,,,CV,
P_0004,Yes,,Multiple,2012,2013,,Multiple,,Marine,,Unknown,,Mixed,,No,,Polar,,One,,,CV,
P_0005,No,,Multiple,2003,2004,,Multiple,,Terrestrial Coastal,,Mixed,,Mixed,,No,,Polar,,Multiple,,,CV,
P_0006,Yes,,Multiple,1968,2003,,One,,Terrestrial Coastal,,Unknown,,Eggs/early development,,No,,Temperate,,One,,,CV,
P_0007,Yes,,Multiple,1992,2005,,Multiple,,Marine,,Mixed,,Mixed,,Yes,,Mixed,,Multiple,,,CV,
P_0008,No,,Multiple,2008,2008,,Multiple,,Terrestrial Inland,,Mixed,,Juvenile/adult,,Yes,PFAS levels in relation to disease status *(white-nose syndrome),Temperate,,One,,,CV,
P_0009,Yes,,Multiple,1999,2003,,Multiple,,Marine,,Mixed,,Mixed,,Yes,,Polar,,Multiple,,,CV,
P_0010,Yes,,Multiple,2012,2015,,Multiple,,Terrestrial Inland,,Male,,Juvenile/adult,,No,,Subtropical,,One,,,CV,
P_0118,Yes,,Multiple,2006,2008,,Multiple,,Freshwater,,Unknown,,Juvenile/adult,,Yes,,Temperate,,One,,Is bioaccumulation a functional aspect? I said no.,CV,
P_0119,Yes,,Multiple,2006,2007,,One,,Freshwater,,Unknown,,Juvenile/adult,,No,,Temperate,,One,,,CV,
P_0129,No,,Multiple,2012,2017,,One,,Marine,,Unknown,,Juvenile/adult,,No,,Temperate,,One,,"""The herring was sampled from commercial catches in fishery areas"" (does this still count as wildlife exposure), sample preparation not known, but most likely whole fish/muscle? --> Agreed",CV,
P_0130,No,,Multiple,Unknown,Unknown,,Multiple,,Marine,,Unknown,,Juvenile/adult,,No,,Temperatr,,Multiple,,"Year of sampling unknown, for some fish muscle only, for some fish whole fish homogenised",CV,
P_0132,No,,One,2015,2015,,Multiple,,Freshwater,,Mixed,,Juvenile/adult,,Yes,,Temperate,,Multiple,,Not sure if functional aspect,CV,
P_0136,Yes,,Multiple,2001,2001,,One,,Freshwater,,Unknown,,Juvenile/adult,,Yes,,Temperate,,One,,"6:2 FTUCA? -> Is this ok nomenclature, is it considered PFAS, NOT ON OUR LIST",CV,
P_0137,Yes,,Multiple,1979,2004,,One,,Freshwater,,Mixed,,Juvenile/adult,,No,,Temperate,,One,,,CV,
P_0142,No,,Multiple,2007,2007,,Multiple,,Freshwater,,Mixed,,Juvenile/adult,,No,,Polar,,One,,"C4-14 nomenclature - used internet, Confused whether sample location should be lake or country (especially if multiple lakes sampled.), appendix missing --> Country, not lake!",CV,
P_0143,No,,Multiple,2015,2015,,One,,Freshwater,,Unknown,,Juvenile/adult,,Yes,,Subtropical,,One,,Tissue -> multiple tissues but only one investigated for PFAS --> one tissue (we only care about PFAs here),CV,
P_0144,Yes,,Multiple,Unknown,Unknown,,Multiple,,Marine,,Unknown,,Unknown,,No,,Temperate,,One,Exclude!,Excluded,CV,
P_0354,Yes,,Multiple,2011,2011,,Multiple,,Freshwater,,Unknown,,Juvenile/adult,,Yes,,Subtropical,,One,,"Muscle tissues, short chain PFAAs have lower absorption potentials, longer PFAAs could transport to farther distance in horizontal direction along the water flow and infiltrate into deeper depths in vertical direction",CV,
P_0349,No,,Multiple,Unknown,Unknown,,Multiple,,Marine,,Unknown,,Juvenile/adult,,No,,Temperate,,One,,,CV,
P_0352,Yes,,Multiple,2014,2014,,One,,Freshwater,,Mixed,,Juvenile/adult,,Yes,,Mixed,,Multiple,,,CV,
P_0063,Yes,,Multiple,2008,2008,,One,,Marine,,Mixed,,Juvenile/adult,,No,,Temperate,,One,,,CV,
P_0064,Yes,,Multiple,2009,2013,,One,,Freshwater,,Unknown,,Juvenile/adult,,No,,Temperate,,Multiple,,,CV,
P_0066,No,,Multiple,2008,2008,,Multiple,,Freshwater,,Unknown,,Juvenile/adult,,No,,Temperate,,One,,,CV,
P_0067,Yes,,Multiple,2003,2009,,One,,Freshwater,,Unknown,,Juvenile/adult,,No,,Temperate,,Multiple,,,CV,
P_0068,Yes,,Multiple,2011,2011,,Multiple,,Freshwater,,Unknown,,Juvenile/adult,,Yes,,Temperate,,Multiple,,,CV,
P_0069,Yes,,Multiple,2012,2012,,Multiple,,Estuarine,,Mixed,,Juvenile/adult,,Yes,,Subtropical,,One,,We suggest that the size/age dependence of the PFAS concentration could be related to differing uptake kinetics of the chemicals as a response to an increased level of these substances in the environment after a major flood event,CV,
P_0074,Yes,,Multiple,2007,2007,,Multiple,,Freshwater,,Unknown,,Juvenile/adult,,No,,Temperate,,Multiple,,,CV,
P_0089,No,,One,,,,,,,,,,,,,,,,,,Excluded,Excluded,
P_0101,Yes,,Multiple,2012,2012,,One,,Freshwater,,Unknown,,Juvenile/adult,,Yes,,Temperate,,Multiple,,Fish livers were better indicators of PFAS than muscle,CV,
P_0102,No,,Multiple,2014,2014,,Multiple,,Freshwater,,Unknown,,Juvenile/adult,,No,,Temperate,,One,,,CV,
P_0106,Yes,,Multiple,2009,2015,,Multiple,,Freshwater,,Unknown,,Juvenile/adult,,Yes,,Mixed,,Multiple,,Fish livers were better indicators of PFAS than muscle,CV,
P_0107,Yes,,Multiple,Unknown,Unknown,,One,,Marine,,Unknown,,Juvenile/adult,,No,,Subtropical,,Multiple,,,CV,
P_0108,No,,Multiple,2018,2019,,Multiple,,Marine,,Mixed,,Juvenile/adult,,Yes,,Subtropical,,Multiple,,Maternal transfer,CV,
P_0110,Yes,,Multiple,2009,2009,,One,,Freshwater,,Male,,Juvenile/adult,,Yes,,Temperate,,Multiple,,"Largemouth bass with high PFAS concentrations exhibited changes in the expression of genes related to lipid metabolism, energy production, RNA processing, protein production/degradation and contaminant detoxification, all of which are consistent with biomarker responses observed in other studies with PFASs",CV,
P_0111,No,,Multiple,2010,2010,,Multiple,,Marine,,Unknown,,Juvenile/adult,,No,,Polar,,Multiple,,,CV,
P_0113,No,,Multiple,2011,2012,,One,,Freshwater,,Mixed,,Juvenile/adult,,Yes,,Temperate,,One,,Thyroid endocrine status and correlation to POPs burdens,CV,
P_0114,No,,Multiple,2011,2012,,One,,Freshwater,,Female,,Juvenile/adult,,No,,Temperate,,One,,,CV,
P_0198,Yes,,Multiple,Unknown,Unknown,,One,,Marine,,Unknown,,Unknown,,No,,Temperate,,One,,Excluded,Excluded!,
P_0201,Yes,,Multiple,2012,2012,,Multiple,,Estuarine,,Unknown,,Juvenile/Adult,,Yes,"bioaccumulation factor for all PFAAs ranged from 2.0 to 2,8, there was no positive correlation between PFAA carbon chain length",Subtropical,,One,,,CV,
P_0204,Yes,,Multiple,2009,2010,,Multiple,,Mixed,,Mixed,,Juvenile/Adult,,Yes,fish weight correlated poorly with total PFAA concentration --> inverse correlation between the PFAA concentration and fresh weight in the whitefish but no observations with the other fish species (this shows that the correlation is species-specific),Temperate,,Multiple,,,CV,
P_0206,Yes,,Multiple,2008,2008,,One,,Freshwater,,Unknown,,Juvenile/Adult,,Yes,bioaccumulation,Temperate,,One,,Bioaccumulation not explicitly mentioned but perhaps implied,CV,
P_0207,Yes,,Multiple,2012,2012,,Multiple,,Marine,,Unknown,,Juvenile/Adult,,Yes,bioaccumulation,Polar,,Multiple,,Bioaccumulation not explicitly mentioned but perhaps implied,CV,
P_0351,Yes,,Multiple,2000,2001,,One,,Freshwater,,Unknown,,Juvenile/Adult,,Yes,Bioaccumulation,Temperate,,One,,,CV,
P_0060,Yes,,Multiple,2010,2014,,One,,Freshwater,,Unknown,,Juvenile/Adult,,Yes,"Correlation of PFAS burden and fish size, age and trophic position investigated",Temperate,,One,,,CV,
P_0150,Yes,,Multiple,1997,2008,,One,,Freshwater,,Unknown,,Juvenile/adult,,No,,Temperate,,One,,,CV,
P_0151,Yes,,Multiple,2012,2012,,One,,Mixed,Estuarine and freshwater,Female,,Juvenile/adult,,Yes,bioaccumulation,Temperate,,Multiple,,,CV,
P_0165,Yes,,Multiple,Unknown,Unknown,,Multiple,,Mixed,,Unknown,,Juvenile/adult,,No,,Temperate,,One,,,CV,
P_0163,Yes,,Multiple,2008,2010,,One,,Freshwater,,Mixed,,Juvenile/adult,,No,,Temperate,,One,,,CV,
P_0167,No,,One,1999,2001,,One,,Freshwater,,Female,,Juvenile/adult,,No,,Temperate,,Multiple,,,CV,
P_0169,Yes,,Multiple,1997,1999,,One,,Marine,,Mixed,,Juvenile/adult,,No,,Mixed,,One,,,CV,
P_0172,No,,Multiple,2010,2010,,Multiple,,Freshwater,,Unknown,,Juvenile/adult,,No,,Temperate,,One,,,CV,
P_0173,No,,One,2002,2002,,Multiple,,Freshwater,,Unknown,,Juvenile/adult,,No,,Temperate,,One,,,CV,
P_0174,Yes,,One,2001,2001,,Multiple,,Mixed,Estuarine and marine,Unknown,,Juvenile/adult,,No,,Temperate,,Multiple,,,CV,
P_0178,Yes,,Multiple,2011,2011,,One,,Freshwater,,Mixed,,Juvenile/adult,,Yes,Correlation between gene expression and PFAS burden,Temperate,,Multiple,,,CV,
P_0179,No,,Multiple,2012,2012,,One,,freshwater,,Mixed,,Juvenile/adult,,Yes,Gene-environment interactions noted. increased exposure to PFOS has increased ACOX transcription in fish,Temperate,,Multiple,,,CV,
P_0181,No,,Multiple,2008,2009,,Multiple,,Freshwater,,Unknown,,Juvenile/adult,,No,,Temperate,,Multiple,,,CV,
P_0188,Yes,,Multiple,2010,2011,,Multiple,,Freshwater,,Unknown,,Juvenile/adult,,Yes,"bioaccumulation, PFC concentrations weakly associated with carcass mass",Temperate,,Multiple,compared mean PFAS concentrations between fillets vs whole fish,,CV,
P_0190,Yes,,Multiple,2014,2016,,Multiple,,Mixed,Marine and Freshwater,Mixed,,Juvenile/adult,,Yes,Species specific mechanisms for PFAS (for accumulation of PFOA),Mixed,,One,,,CV,
P_0213,Yes,,Multiple,2010,2010,,One,Not sure as they mention that other species with lower PFC loads were used for validation,Freshwater,,Mixed,,Juvenile/adult,,Yes,Asoprtion and bioaccumulation were influenced by PFC structure + PFC had higher binding affinity for plasma proteins hence higher levels of PFAS in blood and liver,Temperate,,Multiple,,,CV,
P_0215,Yes,,Multiple,2010,2012,,Multiple,,Freshwater,,Mixed,,Juvenile/adult,,Yes,"Bioaccumulation factor, Relationship between blood:liver PFOS ratio and sexual maturity of mandarin fish, sex specific differences for PFNA in mandarin carp, species specific compound specific and tissue specific bioaccumulation",Temperate,,Multiple,,,CV,
P_0217,Yes,,Multiple,2013,2013,,Multiple,,Unknown,paper says local wet markets in Singapore,Unknown,,Juvenile/adult,,No,,Tropical,,One,,Excluded,Excluded,
P_0221,Yes,,Multiple,2017,2018,,Multiple,,Estuary,,Unknown,,Juvenile/adult,,Yes,Bioaccumulation factors were calculated,Temperate,,One,,,CV,
P_0225,No,,Multiple,2010,2011,,Multiple,,Freshwater,,Unknown,,Juvenile/adult,,Yes,Investigated relationships between physical characteristics and contaminant concentrations,Subtropical,,One,,,CV,
P_0230,Excluded,,,,,,,,,,,,,,,,,,,,Excluded,Excluded,
P_0233,No,,Multiple,2016,2017,,Multiple,,Freshwater,,Unknown,,Juvenile/adult,,No,,Subtropical,,One,,,CV,
P_0238,No,,Multiple,2016,2016,,Multiple,,Freshwater,,Unknown,,Juvenile/adult,,Yes,bioaccumulation,Temperate,,One,,,CV,
P_0240,No,,Multiple,2008,2009,,Multiple,,Freshwater,,Mixed,,Juvenile/adult,,No,,Temperate,,One,,,CV,
P_0245,No,,Multiple,2013,2014,,One,,Marine,,Mixed,,Juvenile/adult,,Yes,Tissue-specific bioaccumulation,Tropical,,Multiple,,,CV,
P_0246,Excluded,,,,,,,,,,,,,,,,,,,,Excluded,Excluded,
P_0247,Yes,,Multiple,1998,2007,,Multiple,,Freshwater,,Mixed,,Juvenile/adult,,Yes,bioaccumulation,Mixed,,Multiple,,,CV,
P_0252,Yes,,Multiple,2009,2013,,Multiple,,Freshwater,,Unknown,,Juvenile/adult,,No,,Temperate,,One,,,CV,
P_0257,Yes,,Multiple,2011,2012,,Multiple,,Freshwater,,Mixed,,Juvenile/adult,,Yes,bioaccumulation,Subtropical,,Multiple,,,CV,
P_0258,Yes,,Multiple,2015,2015,,One,,Freshwater,,Unknown,,Juvenile/adult,,Yes,bioaccumulation,Subtropical,,One,,,CV,
P_0259,Yes,,Multiple,2008,2008,,Multiple,,Freshwater,,Unknown,,Juvenile/adult,,No,,Temperate,,One,,,CV,
P_0261,Yes,,Multiple,2003,2003,,One,,Freshwater,,Female,,Mixed,,Yes,Maternal transfer of PFAS to eggs,Subtropical,,Multiple,,,CV,
P_0264,Yes,,Multiple,2015,2016,,Multiple,,Mixed,,Unknown,,Juvenile/adult,,Yes,bioaccumulaton & biomagnification,Subtropical,,Multiple,,,CV,
P_0265,Yes,,Multiple,2005,2016,,Multiple,,Freshwater,,Unknown,,Juvenile/adult,,No,,Temperate,,One,,,CV,
P_0267,Yes,,Multiple,2007,2007,,Multiple,,Freshwater,,Unknown,,Juvenile/adult,,No,,Temperate,,Multiple,,,CV,
P_0283,Yes,,Multiple,2004,2004,,Multiple,,Marine,,Mixed,,Mixed,,No,,Polar,,Multiple,,,CV,
P_0284,No,,Multiple,2012,2012,,One,,Marine,,Mixed,,Mixed,,Yes,Maternal transfer,Temperate,,Multiple,,,CV,
P_0285,Yes,,Multiple,2005,2008,,Multiple,,Mixed,,Unknown,,Juvenile/adult,,No,,Temperate,,One,,,CV,
P_0286,Yes,,Multiple,1981,2013,,One,,Marine,,Unknown,,Juvenile/adult,,No,,Temperate,,One,,,CV,
P_0049,Yes,,Multiple,2014,2014,,One,,Freshwater,,Unknown,,Juvenile/adult,,Yes,bioaccumulation,Subtropical,,Multiple,,,CV,
P_0292,Yes,,Multiple,2006,2007,,Multiple,,Freshwater,,Unknown,,Juvenile/adult,,No,,Temperate,,One,,,CV,
P_0297,Yes,,Multiple,Unknown,Unknown,,One,,Freshwater,,Mixed,,Juvenile/adult,,Yes,bioaccumulation,Subtropical,,Multiple,,,CV,
P_0304,No,title mentions other halogenated compounds,Multiple,2010,2010,,Multiple,,Freshwater,,Unknown,,Juvenile/adult,,No,,Temperate,,Multiple,,,CV,
P_0056,Yes,,Multiple,2015,2015,,Multiple,,Estuary,,Unknown,,Juvenile/adult,,No,,Subtropical,,Multiple,,,CV,
P_0054,Yes,,Multiple,2018,2018,,One,,Estuary,,Mixed,,Juvenile/adult,,Yes,bioaccumulation,Subtropical,,Multiple,,,CV,
P_0312,No,,Multiple,2017,2017,,One,,Freshwater,,Unknown,,Juvenile/adult,,Yes,bioaccumulation,Subtropical,,Multiple,,,CV,
P_0315,Yes,,Multiple,2015,2019,,Multiple,,Freshwater,,Unknown,,Juvenile/adult,,Yes,bioaccumulation,Temperate,,Multiple,,,CV,
P_0320,Yes,,Multiple,2002,2009,,One,,Freshwater,,Unknown,,Juvenile/adult,,No,,Polar,,Multiple,,,CV,
P_0326,Yes,,Multiple,2008,2008,,Multiple,Fish: one,Estuary,,Unknown,,Juvenile/adult,,No,,Temperate,,One,,,CV,
P_0331,No,,Multiple,2010,2016,,Multiple,,Freshwater,,Unknown,,Juvenile/adult,,No,,Temperate,,Multiple,,,CV,
P_0337,Yes,,Multiple,1998,2005,,Multiple,,Freshwater,,Unknown,,Juvenile/adult,,No,,Temperate,,One,,,CV,
P_0342,Yes,,Multiple,2015,2016,,Multiple,,Marine,,Mixed,,Juvenile/adult,,Yes,bioaccumulation,Subtropical,,Multiple,,,CV,
P_0343,Yes,,Multiple,2017,2017,,One,,Freshwater,,Unknown,,Juvenile/adult,,Yes,bioaccumulation,Temperate,,One,,,CV,
P_0345,No,,Multiple,2018,2018,,One,,Marine,,Unknown,,Juvenile/adult,,No,,Polar,,One,,,CV,
P_0346,Yes,,Multiple,Unknown,Unknown,,One,,Marine,,Unknown,,Juvenile/adult,,No,,Temperate,,Multiple,,Excluded,"Excluded, Exposure experiment",
P_0084,Yes,,Multiple,2000,2001,,Multiple,Fish: One,Marine,,Unknown,,Juvenile/adult,,Yes,bioaccumulation,Polar,,One,,,CV,
P_0057,Yes,,Multiple,2011,2011,,Multiple,Fish: One,Mixed,Fish: Freshwater,Unknown,,Juvenile/adult,,No,,Mixed,Fish: temperate,Multiple,,,CV,
P_0194,Yes,,Multiple,1979,1999,,Multiple,,Mixed,Fish: Marine,Mixed,,Juvenile/adult,,No,,Mixed,,Multiple,,,CV,
P_0289,Yes,,Multiple,2006,2009,,Multiple,,Mixed,Fish: Estuary,Unknown,,Mixed,Fish: Juvenile/adult,Yes,bioaccumulation,Subtropical,,Multiple,Fish: One,,CV,
P_0103,Yes,,One,Unknown,Unknown,,Multiple,,Marine,,Unknown,,Juvenile/adult,,Yes,bioaccumulation,Temperate,,Multiple,Fish: One,,CV,
P_0058,Yes,,Multiple,1966,2014,Fish: 1980-2014,Multiple,Fish: One,Mixed,Fish: Marine,Mixed,Fish: Females,Mixed,Fish: Juvenile/adult,No,,Temperate,,Multiple,Fish: One,,CV,
P_0138,Yes,,Multiple,2017,2020,,Multiple,,Mixed,,Unknown,,Mixed,Fish: Juvenile/adult,No,,Temperate,,Multiple,,,CV,
P_0228,Yes,,Multiple,2010,2010,,Multiple,Fish: one,Mixed,Fish: Estuary,Unknown,,Juvenile/adult,,Yes,bioaccumulation,polar,,Multiple,,,CV,
P_0255,Yes,,Multiple,2003,2003,,Multiple,Fish: one,Mixed,Fish: Marine,Unknown,,Juvenile/adult,,No,,Tropical,,Multiple,Fish: One,,CV,
P_0295,Yes,,Multiple,1994,2003,Fish: 2001-2003,Multiple,,Freshwater,,Mixed,,Juvenile/adult,,Yes,bioaccumulation,Temperate,,One,,,CV,
P_0083,Yes,,Multiple,2011,2012,,Multiple,,Freshwater,,Unknown,,Juvenile/adult,,No,,Polar,,Multiple,,,CV,
P_0127,Yes,,Multiple,2003,2003,,Multiple,Fish: one,Marine,,Unknown,,Juvenile/adult,,No,,Temperate,,Multiple,Fish: one,,CV,
P_0146,Yes,,Multiple,2013,2014,Fish: 2013,Multiple,,Marine,,Unknown,,Mixed,Fish: Juvenile/adult,Yes,bioaccumulation,Temperate,,Multiple,Fish: one,,CV,
P_0170,Yes,,Multiple,2004,2004,,Multiple,Fish: one,Marine,,Mixed,,Juvenile/adult,,Yes,bioaccumulation,Polar,,Multiple,,,CV,
P_0182,Yes,,Multiple,2010,2010,,Multiple,,Freshwater,,Unknown,,Mixed,Fish: Juvenile/adult,No,,Subtropical,,Multiple,Fish: one,Excluded,"Catfish bought at local markets, unlcear were they were caught.",
P_0192,Yes,,Multiple,1998,2001,Fish: 1998-2000,Multiple,,Freshwater,,Unknown,,Juvenile/adult,,Yes,bioaccumulation,Temperate,,Multiple,,,CV,
P_0229,Yes,,Multiple,2003,2010,Fish: 2008-2010,Multiple,,Freshwater,,Unknown,,Juvenile/adult,,No,,Subtropical,,Multiple,Fish: one,,CV,
P_0268,Yes,,Multiple,1994,2009,,Multiple,,Mixed,Fish: freshwater,Unknown,,Mixed,Fish: Juvenile/adult,No,,Temperate,,Multiple,Fish: one,,CV,
P_0313,Yes,,Multiple,2007,2009,Fish: 2007,Multiple,Fish: one,Estuary,,Unknown,,Mixed,Fish: Juvenile/adult,No,,Subtropica;,,Multiple,,,CV,
P_0336,Yes,,Multiple,2010,2010,,Multiple,,Freshwater,,Unknown,,Juvenile/adult,,Yes,bioaccumulation,Subtropical,,One,,,CV,
P_0344,Yes,,Multiple,2006,2006,,Multiple,,Marine,,Unknown,,Juvenile/adult,,Yes,bioaccumulation and trophic transfer,Subtropical,,Multiple,,,CV,
P_0266,Yes,,Multiple,2004,2004,,Multiple,Fish: one,Marine,,Unknown,,Juvenile/adult,,No,,Polar,,Multiple,Fish: one,,CV,
P_0353,No,,Multiple,2004,2007,Fish: 2004-2005,Multiple,,Marine,,Unknown,,Juvenile/adult,,No,,Polar,,Multiple,,,CV,
P_0177,Yes,,Multiple,2002,2004,Fish: 2002-2003,Multiple,,Marine,,Unknown,,Juvenile/adult,,Yes,bioaccumulation,Subtropical,,Multiple,,,CV,
P_0314,Yes,,Multiple,1996,2002,Fish: 2000-2001,Multiple,,Marine,,Unknown,,Juvenile/adult,,No,,Polar,,Multiple,,,CV,
P_0350,Yes,,Multiple,2011,2012,,Multiple,,Marine,,Unknown,,Juvenile/adult,,No,,Temperate,,One,,,CV,
P_0354,Yes,,Multiple,2010,2010,,Multiple,,Marine,,Unknown,,Juvenile/adult,,Yes,bioaccumulation,Subtropical,,Multiple,,,CV,
P_0085,Yes,,Multiple,Unknown,Unknown,,Multiple,,Mixed,,Unknown,,Juvenile/adult,,No,,Temperate,,Multiple,Fish: one,,CV,
P_0099,Yes,,Multiple,2010,2010,,Multiple,,Freshwater,,Unknown,,Juvenile/adult,,No,,Subtropical,,One,,,CV,
P_0128,Yes,,Multiple,2012,2012,,Multiple,,Freshwater,,Unknown,,Juvenile/adult,,Yes,maternal transfer,Subtropical,,Multiple,,,CV,
P_0131,No,,Multiple,1994,2017,,Multiple,Fish: one,Marine,,Unknown,,Juvenile/adult,,No,,Temperate,,Multiple,,,CV,
P_0162,,,,,,,,,,,,,,,,,,,,,Excluded,"Not available online, Losia sent request to Yefeng to get paper and translate","Not available online, Losia sent request to Yefeng to get paper and translate"
P_0166,Yes,,Multiple,2017,2017,,Multiple,,Estuarine,,Unknown,,Juvenile/adult,,No,,Subtropical,,Multiple,,,CV,
P_0176,Yes,,Multiple,2008,2009,,Multiple,,Mixed,,Unknown,,Juvenile/adult,,Yes,bioaccumulation,Mixed,,One,,,CV,
P_0199,No,,Multiple,2011,2011,,Multiple,,Freshwater,,Unknown,,Juvenile/adult,,Yes,bioaccumulation,Temperate,,One,,,CV,
P_0216,Yes,,Multiple,2017,2017,,Multiple,,Marine,,Unknown,,Juvenile/adult,,Yes,bioaccumulation,Polar,,Multiple,,,CV,
P_0222,Yes,,Multiple,2010,2011,,Multiple,Fish: one,Freshwater,,Unknown,,Juvenile/adult,,No,,Polar,,Multiple,,,CV,
P_0226,,,,,,,,,,,,,,,,,,,,,Excluded,fish purchased from local supermarket - unclear where supermarket got it from,
P_0227,Yes,,Multiple,Unknown,Unknown,,Multiple,,Freshwater,,Unknown,,Juvenile/adult,,Yes,bioaccumulation,Subtropical,,One,,,CV,
P_0249,Yes,,Multiple,2008,2009,,Multiple,,Marine,,Unknown,,Juvenile/adult,,Yes,bioaccumulation,Mixed,,One,,,CV,
P_0250,Yes,,Multiple,1999,2004,Fish: 2000-2003,Multiple,,Marine,,Unknown,,Juvenile/adult,,Yes,bioaccumulation,Subtropical,,Multiple,Fish: one,,CV,
P_0272,No,,Multiple,Beginning of 1980s,Unknown,,Multiple,,Mixed,,Unknown,,Mixed,Fish: Juvenile/adult,No,,Polar,,Multiple,,,CV,
P_0290,Yes,,Multiple,Unknown,Unknown,,Multiple,,Marine,,Unknown,,Juvenile/adult,,Yes,bioaccumulation,Subtropical,,One,,,CV,
P_0293,Yes,,Multiple,2013,2014,,Multiple,,Freshwater,,Unknown,,Juvenile/adult,,Yes,bioaccumulation,Temperate,,Multiple,,,CV,
P_0294,Yes,,Multiple,2016,2016,,Multiple,,Freshwater,,Unknown,,Juvenile/adult,,Yes,bioaccumulation,Temperate,,One,,,CV,
P_0309,Yes,,Multiple,2017,2017,,Multiple,,Freshwater,,Unknown,,Juvenile/adult,,No,,Subtropical,,Multiple,Fish: one,,CV,
P_0321,No,,Multiple,2012,2012,,Multiple,,Freshwater,,Unknown,,Juvenile/adult,,Yes,bioaccumulation,Subtropical,,Multiple,Fish: one,,CV,
P_0327,,,,,,,,,,,,,,,,,,,,,Excluded,"Full text in chinese, Losia sent request to Yefeng to get paper and translate",
P_0333,Yes,,Multiple,2018,2018,,Multiple,Fish: one,Freshwater,,Unknown,,Juvenile/adult,,Yes,bioaccumulation,Temperate,,One,,,CV,
P_0335,Yes,,Multiple,Unknown,Unknown,,Multiple,,Marine,,Unknown,,Juvenile/adult,,No,,Mixed,,One,,,CV,
P_0338,,,,,,,,,,,,,,,,,,,,,Excluded,"fish purchased at supermarkets, unclear were they were caught",
P_0340,Yes,,Multiple,2009,2013,Fish: 2010-2013,Multiple,,Mixed,,Unknown,,Juvenile/adult,,No,,Mixed,,Multiple,,,CV,
P_0341,Yes,,Multiple,2010,2018,,Multiple,,Mixed,,Unknown,,Juvenile/adult,,No,,Temperate,,Multiple,Fish: one,,CV,
P_0347,Yes,,Multiple,2010,2010,,Multiple,,Freshwater,,Unknown,,Juvenile/adult,,Yes,bioaccumulation,Temperate,,Multiple,,,CV,
,,,,,,,,,,,,,,,,,,,,,,,
,,,,,,,,,,,,,,,,,,,,,,,
P_0072,No,,Multiple,2010,2011,,Multiple,,Terrestrial Inland,,Mixed,,Juvenile/adult,,Yes,Bioaccumulation,Temperate,,One,,,CV,
P_0075,Yes,,Multiple,1970,2006,,Multiple,,Mixed,,Unknown,,Juvenile/adult,,No,,Polar,,Multiple,,,CV,
P_0078,Yes,,One,2009,2009,,Multiple,,Mixed,,Unknown,,Mixed,,No,"Maternal transfer, bioaccumulation",Subtropical,,Multiple,,,CV,
P_0079,Yes,,Multiple,2012,2014,,One,,Terrestrial Coastal,,Mixed,,Juvenile/adult,,Yes,Correlation between PFAS conc and body condition and telomere length,Polar,,One,,,CV,
P_0080,No,,Multiple,2015,2015,,One,,Terrestrial Coastal,,Mixed,,Juvenile/adult,,Yes,Correlation between PFAS conc in blood and incubation temperature/plasma prolactin levels/broodpatch size,Polar,,One,,,CV,
P_0088,No,,Multiple,2011,2012,,Multiple,,Terrestrial Coastal,,Unknown,,Eggs/early development,,No,,Subtropical,,One,,,CV,
P_0090,No,,Multiple,2007,2009,,Multiple,,Marine,,Unknown,,Juvenile/adult,,Yes,Biomagnification,Polar,,One,,,CV,
P_0091,No,,Multiple,2007,2008,,Multiple,,Terrestrial Coastal,,Mixed,,Juvenile/adult,,No,,Polar,,One,,,CV,
P_0092,Yes,,Multiple,1975,2011,,Multiple,,Terrestrial Coastal,,Unknown,,Eggs/early development,,No,,Polar,,One,,,CV,
P_0093,No,,Multiple,2003,2003,,One,,Terrestrial Coastal,,Mixed,,Juvenile/adult,,No,,Polar,,One,,,CV,
P_0094,No,,One,2008,2010,,Multiple,,Terrestrial Inland,,Mixed,,Juvenile/adult,,Yes,Association of PFAS and growth rate/dietary tracers,Polar,,One,,,CV,
P_0095,No,,multiple,2005,2005,,One,,Terrestrial Coastal,,Mixed,,juvenile/adult,,Yes,Association of PFAS and early chick survival and adult return rate,Polar,,One,,,CV,
P_0096,No,,multiple,2007,2007,,Multiple,,Marine,,Mixed,,juvenile/adult,,No,,Mixed,,One,,,CV,
P_0097,Yes,,Multiple,1986,2009,,One,,Terrestrial Inland,,Unknown,,Eggs/early development,,Yes,PFAS RELATIONSHIPS TO ENVIRONMENTAL CONDITIONS AND INDIVIDUAL TRAITS,Temperate,,One,,,CV,
P_0098,Yes,,Multiple,1975,2004,,Multiple,,Terrestrial coastal,,Mixed,,juvenile/adult,,No,,Polar,,One,,,CV,
P_0100,No,,Multiple,2018,2018,,One,,Terrestrial coastal,,mixed,,juvenile/adult,,Yes,Interactions between Environmental Contaminants and Gastrointestinal Parasites,Temperate,,One,,,CV,
P_0112,No,,Multiple,2016,2016,,One,,Terrestrial coastal,,Male,,juvenile/adult,,Yes,Interactions between plasma oxidative damage and plasma antioxidant defences,Polar,,One,,,CV,
P_0115,Yes,,Multiple,2008,2009,,One,,Terrestrial Inland,,Unknown,,Mixed,,Yes,Association between concentrations of PFOS in eggs and hatching success,Temperate,,Multiple,,,CV,
P_0116,Yes,,Multiple,2010,2011,,One,,Terrestrial Inland,,Unknown,,Eggs/early development,,No,,Temperate,,One,,,CV,
P_0117,No,,Multiple,1993,1993,,One,,Terrestrial Inland,,Unknown,,Eggs/early development,,No,,Temperate,,One,,,CV,
P_0003,No,,Multiple,1993,1993,,One,,Terrestrial Inland,,Unknown,,Eggs/early development,,No,,Temperate,,One,,,CV,
P_0059,Yes,,Multiple,2012,2015,,Multiple,,Estuarine,,Unknown,,juvenile/adult,,no,,Tropical,,One,,,CV,
P_0123,No,,Multiple,2014,2017,,One,,Terrestrial coastal,,Unknown,,Eggs/early development,,yes,Association between PFAS concentration in eggs and wintering latitude,Temperate,,One,,,CV,
P_0124,Yes,,Multiple,1997,2014,,Multiple,,terrestrial coastal,,Unknown,,Eggs/early development,,Yes,"Comparison of PFAS contaminationin the freshwater and terrestrial
environments",Temperate,,one,,,CV,
P_0125,Yes,,Multiple,2014,2014,,Multiple,,terrestrial coastal,,Male,,juvenile/adult,,Yes,testing for potential differences between oceanic basins and for longitudinal gradients in PFAS levels.,Subtropical,,one,,,CV,
P_0133,No,,Multiple,1988,2008,,One,,terrestrial coastal,,unknown,,Eggs/early development,,no,,Temperate,,one,,,CV,
P_0147,Yes,,multiple,2007,2007,,One,,terrestrial coastal,,unknown,,Eggs/early development,,no,,Temperate,,one,,,CV,
P_0148,Yes,,multiple,2010,2010,,One,,terrestrial coastal,,unknown,,Mixed,,Yes,tissue and body compartment accumulation and maternal PFAS transfer to eggs,Temperate,,Multiple,,,CV,
P_0149,Yes,,multiple,2008,2008,,Multiple,,terrestrial coastal,,unknown,,Eggs/early development,,no,,Temperate,,one,,,CV,
P_0055,Yes,,multiple,2009,2014,,Multiple,,terrestrial coastal,,unknown,,Eggs/early development,,Yes,Spatio temporal trends,Temperate,,one,,,CV,
P_0029,Yes,,multiple,2015,2016,,one,,Terrestrial Inland,,mixed,,juvenile/adult,,Yes,Comparison of PFAS measurements in feathers and in plasma,Temperate,,Multiple,,,CV,
P_0158,Yes,,multiple,2015,2015,,one,,Terrestrial Inland,,unknown,,Eggs/early development,,yes,"Correlation of PFAS burdens with start of egg laying, clutch size, hatching success, fledging success, total breeding success, egg shell thickness, and body condition of the nestlings.
fledging success and total breeding success) along with egg shell thickness and body condition of the nestlings.",Temperate,,one,,,CV,
P_0159,Yes,,multiple,2011,2011,,one,,Terrestrial Inland,,unknown,,Eggs/early development,,no,,Temperate,,one,,,CV,
P_0164,Yes,,multiple,2003,2008,,multiple,,Terrestrial Inland,,unknown,,juvenile/adult,,no,,Temperate,,one,,,CV,
P_0022,No,,multiple,2017,2018,,one,,Terrestrial coastal,,mixed,,juvenile/adult,,yes,PFAS and immunomodulatory effects,Temperate,,one,,,CV,
P_0356,No,,multiple,2003,2004,,multiple,,terrestrial coastal,,unknown,,mixed,,yes,PFAS exposure along A suburban to remote pollutant gradient,Temperate,,multiple,,,CV,
P_0171,No,,Multiple,2006,2006,,one,,terrestrial coastal,,unknown,,Eggs/early development,,yes,"Effect of Migration Strategy on Pollutant Occurrence in
Eggs",mixed,,one,,,CV,
P_0016,No,,Multiple,2004,2004,,multiple,,Terrestrial Inland,,mixed,,juvenile/adult,,no,Evaluation of biochemical effects related to perfluorooctane sulfonic acid exposure,Temperate,,one,,,CV,
P_0175,Yes,,Multiple,1989,2005,,multiple,,Mixed,,unknown,,mixed,,yes,relationship between mother-to-egg transfer capacity and PFAS chain length,Temperate,,multiple,,,CV,
P_0006,yes,,Multiple,1968,2003,,one,,terrestrial coastal,,unknown,,Eggs/early development,,yes,temporal trends,Temperate,,one,,,CV,
P_0184,No,,Multiple,2012,2012,,multiple,,terrestrial coastal,,unknown,,Eggs/early development,,yes,PFAS concentration and effects on seabird population development,temperate,,one,,,CV,
P_0189,Yes,,Multiple,2008,2017,,one,,Terrestrial Inland,,unknown,,juvenile/adult,,yes,Spatiotemporal analysis,temperate,,one,,,CV,
P_0193,Yes,,Multiple,1993,1999,,multiple,,mixed,,mixed,,juvenile/adult,,yes,correlation between PFOS and FOSA,temperate,,one,,,CV,
P_0195,Yes,,One,1990,1998,,multiple,,mixed,,unknown,,mixed,,no,,mixed,,multiple,,,CV,
P_0200,No,,Multiple,2017,2017,,one,,terrestrial coastal,,unknown,,mixed,,yes,maternal transfer and effects of differences in urbanization on contaminant concentration,temperate,,multiple,,,CV,
P_0209,No,,Multiple,2015,2016,,one,,Terrestrial Inland,,mixed,,juvenile/adult,,yes,spatiotemporal variations of PFAS and the role of diet and age on PFAS concentration,Mixed,,one,,,CV,
P_0210,no,,Multiple,2015,2016,,one,,Terrestrial Inland,,unknown,,juvenile/adult,,yes,concentration differences between plasma and feathers,temperate,,multiple,,,CV,
P_0211,no,,Multiple,2015,2016,,one,,Terrestrial Inland,,mixed,,juvenile/adult,,yes,Correlation between pfas exposure and physiological parameters,temperate,,one,,,CV,
P_0212,Yes,,Multiple,2002,2005,,one,,terrestrial coastal,,unknown,,Eggs/early development,,yes,spatial trends,temperate,,one,,,CV,
P_0042,Yes,,Multiple,2016,2016,,multiple,,Terrestrial Inland,,unknown,,Eggs/early development,,yes,investigation about generalizable PFAS distribution across bird species,temperate,,one,,,CV,
P_0218,Yes,,Multiple,2016,2016,,one,,Terrestrial Inland,,unknown,,Eggs/early development,,yes,variation patterns and possible laying sequence associations with PFAS concentrations in eggs,temperate,,one,,,CV,
P_0219,Yes,,Multiple,1980,2009,,one,,terrestrial coastal,,unknown,,mixed,,yes,"temporal trends, maternal transfer pf PFAS",temperate,,multiple,,,CV,
P_0224,yes,,Multiple,2012,2013,,one,,terrestrial coastal,,unknown,,Eggs/early development,,yes,temporal and spacial comparisons,temperate,,one,,,CV,
P_0048,yes,,Multiple,2015,2015,,one,,terrestrial coastal,,mixed,,juvenile/adult,,yes,"Exposure vs growth dilution, body condition, diet, and maternal transfer",temperate,,one,,,CV,
P_0231,yes,,one,2006,2006,,multiple,,mixed,,unknown,,mixed,,yes,relationship between pfos concentrations and distance from a fluoro-chemical plant,temperate,,multiple,,,CV,
P_0232,yes,,Multiple,2016,2016,,one,,Terrestrial Inland,,mixed,,juvenile/adult,,yes,"differences between sexes, maternal transfer of the compounds and potential associations with the oxidative status.",temperate,,one,,,CV,
P_0234,no,,Multiple,2011,2014,,one,,terrestrial coastal,,unknown,,juvenile/adult,,yes,relationship between PFAS contamination and trophic behaviour and feeding habitat,polar,,multiple,,,CV,
P_0235,no,,Multiple,2010,2010,,one,,terrestrial coastal,,unknown,,Eggs/early development,,yes,investigation of a possible longitudinal gradient of contamination,polar,,one,,,CV,
P_0239,no,,Multiple,2011,2013,,one,,terrestrial coastal,,mixed,,juvenile/adult,,yes,effects of OHCs on plasma thyroid hormones concentrations,polar,,one,,,CV,
P_0241,no,,Multiple,2006,2007,,one,,terrestrial coastal,,unknown,,Eggs/early development,,yes,relationship between contaminants in eggs and eggshell thinning and decreased concentrations of vitamin E,polar,,one,,,CV,
P_0242,no,,Multiple,2015,2015,,one,,terrestrial coastal,,mixed,,juvenile/adult,,yes,relationship between contaminants concentration and different overwinter areas,temperate,,one,,,CV,
P_0051,yes,,Multiple,2020,2020,,one,,Terrestrial Inland,,unknown,,Eggs/early development,,yes,Exposure assessment of PFAS-monitoring by using bird eggs,temperate,,one,,,CV,
P_0248,no,,Multiple,2006,2006,,multiple,,terrestrial coastal,,mixed,,juvenile/adult,,yes,correlation between Halogenated organic contaminants and thyroid hormones,polar,,one,,,CV,
,,,,,,,,,,,,,,,,,,,,,,CV,
P_0334,Yes,,Multiple,2000,2012,,One,,Terrestrial Inland,,Unknown,,Eggs/Early Development,,No,,Temperate,,One,,,,
P_0019,Yes,,Multiple,2006,2006,,Multiple,,Terrestrial Inland,,Unknown,,Eggs/Early Development,,Yes,Mean concentration of PFOS in birds inversely proportional to length of eggs,Temperate,,One,,,CV,
P_0107,Yes,,Multiple,Unknown,Unknown,,One,,terrestrial coastal,,Unknown,,Juvenile/Adult,,No,,Subtropical,,Multiple,,,CV,
P_0157,Yes,,Multiple,2016,2016,,Multiple,,Terrestrial Inland,,Unknown,,Mixed,,Yes,Correlation between PFAA concentration in isopod and eggs of great tit investigated,Temperate,,Multiple,,,CV,
P_0260,Yes,,Multiple,2011,2012,,One,,Marine,,Unknown,,Juvenile/Adult,,Yes,"Correlation between neurochemical markers and PFAS, correlation between brain region and PFAS compound concentration",Polar,,One,,,CV,
P_0269,Yes,,Multiple,1989,2006,,One,,Marine,,Mixed,,Mixed,,Yes,"Gender differences in PFAS content, and relationship of PFCs with length investigated",Mixed,,One,,,CV,
P_0270,No,,Multiple,1987,2007,,One,,Marine,,Male,,Juvenile/Adult,,Yes,Correlation between POPs and vitamins investigated,Temperate,,One,,,CV,
P_0050,Yes,,Multiple,1997,2014,,Multiple,,Mixed,,Mixed,,Juvenile/Adult,,Yes,Correlation between PFAS concentration and trophic level - trophic transfer,Polar,,Multiple,,,CV,
P_0062,Yes,,Multiple,2003,2005,,One,,Estuarine,,Unknown,,Juvenile/Adult,,Yes,Spatial distribution of PFAS,Subtropical,,One,,,CV,
P_0065,Yes,,Multiple,2007,2007,,One,,Marine,,Mixed,,Juvenile/Adult,,Yes,There is a compound specific persistence of PFCs in different tissues of harbour seals,Temperate,,Multiple,,,CV,
P_0073,Yes,,Multiple,2007,2017,,One,,Estuarine,,Mixed,,Juvenile/Adult,,Yes,Placental and lactational transfer of PFASs,Temperate,,One,,,CV,
P_0076,No,,Multiple,2003,2003,,One,,Marine,,Mixed,,Juvenile/Adult,,Yes,There were gender specific differences in PFAS concentration.,Polar,,One,,,CV,
P_0081,Yes,,Multiple,2011,2012,,Multiple,,Marine,,Mixed,,Mixed,,Yes,"Bioaccumulation, Dietary exposure relationship of PFAS",Polar,,Multiple,,,CV,
P_0082,Yes,,Multiple,1982,2003,,One,,Marine,,Mixed,,Juvenile/Adult,,Yes,Correlation of sex and PFAS burden,Polar,,One,,,CV,
P_0086,No,,Multiple,2012,2013,,One,,Marine,,Female,,Juvenile/Adult,,Yes,Relationship between PFAS and Thyroid hormones,Polar,,One,,,CV,
P_0120,No,,One,1983,2013,,One,,Marine,,Mixed,,Juvenile/Adult,,Yes,Risk quotients for PFOS calculated - including carcinogenic risk,Polar,,One,,,CV,
P_0122,Yes,,Multiple,Unknown,Unknown,,One,,Marine,,Mixed,,Mixed,,Yes,"Correlation between PFOS and age + length, Placental transfer",Tropical,,One,,,CV,
P_0126,Yes,,Multiple,2003,2005,,One,,Estuarine,,Mixed,,Juvenile/Adult,,Yes,"Bioaccumulation, investigate relationship between age + sex and PFAS",Subtropical,,One,,,CV,
P_0134,No,,Multiple,2010,2014,,Multiple,,Marine,,Mixed,,Juvenile/Adult,,No,,Temperate,,One,,,CV,
P_0251,Yes,,Multiple,2001,2002,,One,,terrestrial inland,,mixed,,juvenile/adult,,Yes,Correlation between hepatic PFAS levels and gene expression profiles,temperate,,one,,,CV,
P_0253,Yes,,Multiple,2007,2009,,Multiple,,terrestrial inland,,unknown,,Eggs/Early Development,,Yes,Transfer from the egg to the chick,temperate,,multiple,,,CV,
P_0262,Yes,,Multiple,1977,2014,,One,,terrestrial coastal,,unknown,,Eggs/Early Development,,Yes,Long-term trends,temperate,,One,,,CV,
P_0274,Yes,,Multiple,2017,2017,,Multiple,,terrestrial coastal,,unknown,,juvenile/adult,,,"Use of stable isotope signatures to investigate trophic habits, phospholipid levels, and PFAS concentrations",Temperate,,One,,,CV,
P_0276,Yes,,Multiple,2009,2013,,Multiple,,terrestrial coastal,,unknown,,juvenile/adult,,Yes,Spatial and Interspecies Heterogeneity of PFAS concentration,Mixed,,One,,,CV,
P_0281,Yes,,Multiple,2005,2005,,one,,terrestrial coastal,,unknown,,juvenile/adult,,Yes,distribution screening in multiple tissues,Temperate,,multiple,,,CV,
P_0031,Yes,,multiple,2009,2017,,one,,terrestrial coastal,,mixed,,juvenile/adult,,Yes,"association between PFAS and telomere length, apparent survival, and re-sighting",Polar,,one,,,CV,
P_0296,No,,multiple,2011,2012,,one,,terrestrial coastal,,mixed,,juvenile/adult,,Yes,"relationship between OHCs and immunoglobulin levels, telomeres and oxidative stress",Polar,,one,,,CV,
P_0298,no,,multiple,2008,2010,,multiple,,terrestrial inland,,unknown,,juvenile/adult,,Yes,Blood plasma clinical–chemical parameters as biomarker for POP's burdens,Polar,,one,,,CV,
P_0301,No,,multiple,2013,2014,,multiple,,terrestrial inland,,unknown,,Eggs/Early Development,,No,,temperate,,one,,,CV,
,,,,,,,,,,,,,,,,,,,,,,,
P_0287,No,,multiple,unknown,unknown,,one,,terrestrial inland,,unknown,,eggs/early development,,No,,temperate,,one,,,"Still to be checked, issues with missing data",
,,,,,,,,,,,,,,,,,,,,,,,
P_0135,No,,Multiple,2010,2013,,Multiple,,Marine,,Mixed,,juvenile/adult,,Yes,Tissue specific bioaccumulation of PFAS,Temperate,,Multiple,,,CV,
P_0139,Yes,,Multiple,1999,2002,,Multiple,,Marine,,Unknown,,juvenile/adult,,Yes,"Some species have higher capacity of transforming from PFOSA to PFOS, There may be a relationship between species size and metabolism of perfluorinated carboxylic acids, species specific differences in PFAS contamination",Temperate,,One,,,CV,
P_0140,Yes,,Multiple,1980,2005,,One,,Marine,,Mixed,,juvenile/adult,,Yes,"There was substantial differences in PFAS concentrations with respect to stages in life history, placental transfer of PFAS noted",Temperate,,One,,,CV,
P_0153,Yes,,Multiple,2008,2008,,One,,Marine,,Unknown,,Mixed,,Yes,Maternal transfer of PFAS,Polar,,Multiple,,,CV,
P_0154,Yes,,One,2006,2006,,One,,Marine,,Mixed,,Juvenile/adult,,Yes,"There are tissue specific patterns for isomers of PFOS, There may be differences in protein interactions + metabolism in the body for different isomers of PFOS",Polar,,Multiple,,,CV,
P_0155,Yes,,Multiple,2006,2006,,One,,Marine,,Mixed,,Juvenile/adult,,Yes,PFAS cross the blood brain barrier in polar bears and there is brain region-specific distribution,Polar,,One,,,CV,
P_0156,Yes,,Multiple,2006,2006,,One,,Marine,,Mixed,,Juvenile/adult,,Yes,Pharmokinetics of PFAS in the body is tissue specific,Polar,,Multiple,,,CV,
P_0161,Yes,,Multiple,2004,2016,,One,,Estuarine,,Mixed,,Juvenile/adult,,Yes,"Bioaccumulation behaviour of PFAS investigated, Carbon chain length related tissue distribution of PFAS investigated",Tropical,,Multiple,,,CV,
P_0168,Yes,,Multiple,1982,2002,,One,,Marine,,Mixed,,Mixed,,Yes,Transplacental transfer of PFAS investigated,Subtropical,,One,,,CV,
P_0180,Yes,,Multiple,2003,2003,,One,,Marine,,Mixed,,Juvenile/adult,,Yes,"Relationship between PFAS and biological parameters including age, length and weight investigated",Mixed,,One,,,CV,
P_0183,Yes,,Multiple,1991,2008,,One,,Marine,,Mixed,,Juvenile/adult,,Yes,Sex and age associated distribution of PFASs was investigated,Temperate,,One,,,CV,
P_0186,Yes,,Multiple,2005,2005,,One,,Freshwater,,Mixed,,Juvenile/adult,,Yes,"Accumulation profile of different PFAS was investigated, Maternal transfer of PFAS, Differences in pharmacokinetics of PFASs was also suggested",Temperate,,Multiple,,,CV,
P_0197,Yes,,Multiple,1992,2002,,One,,Marine,,Mixed,,Juvenile/adult,,Yes,Significant association between infectious diseases and elevated concentrations of PFOS/PFOA in liver of sea otters,Subtropical,,One,,,CV,
P_0009,No,,Multiple,1999,2003,,Multiple,,Marine,,Unknown,,Juvenile/adult,,Yes,"Bioaccumulation behaviour of PFAS investigated, which was found to be food web specific",Polar,,Multiple,,,CV,
P_0208,Yes,,Multiple,1997,2013,,Multiple,,Marine,,Mixed,,Juvenile/adult,,Yes,"Age and phylogenetic class influences PFAS concentrations, Relationship between PFAA exposure and PPAR and CYP4A expression shown",Tropical,,Multiple,,,CV,
P_0214,Yes,,Multiple,2002,2014,,Multiple,,Marine,,Mixed,,Juvenile/adult,,Yes,Potential of PFAS in liver to cause adverse effects was evaluated,Tropical,,One,,,CV,
P_0223,No,,Multiple,2013,2014,,One,,Marine,,Mixed,,Juvenile/adult,,Yes,Age-sex differences with POPs investigated,Polar,,Multiple,,,CV,
P_0053,Yes,,Multiple,2009,2018,,Multiple,,Marine,,Mixed,,Juvenile/adult,,Yes,Tissue specific concentration differences reflects PFAS toxicokinetics,Temperate,,Multiple,,,CV,
P_0012,Yes,,Multiple,2006,2006,,Multiple,,Marine,,Mixed,,Juvenile/adult,,Yes,Accumulation profiles in the liver showed differences in metabolic profiles between species,Subtropical,,One,,,CV,
,,,,,,,,,,,,,,,,,,,,,,,
P_0243,No,,Multiple,2013,2014,,One,,Marine,,Male,,Juvenile/adult,,Yes,Link between contaminant exposure and metabolite profiles investigated,Polar,,Multiple,,,CV,
P_0273,Yes,,Multiple,1982,2011,,Multiple,,Marine,,Unknown,,Juvenile/adult,,Yes,Temporal trends and comparison to other regions,Polar,,One,,,CV,
P_0277,Yes,,Multiple,1984,2009,,Multiple,,Marine,,Mixed,,Juvenile/adult,,No,Temporal trends,Mixed,,Multiple,,,CV,
P_0045,Yes,,Multiple,1990,2010,,One,,Marine,,Mixed,,Juvenile/adult,,Yes,"The effect of age, sex and body conditions on PFAS concentration",Polar,,One,,,CV,
P_0278,No,,Multiple,2014,2015,,One,,Marine,,Male,,Juvenile/adult,,Yes,Relationships between PFAS exposure and endocrine and immune function,Polar,,One,,,CV,
P_0279,No,,Multiple,2009,2010,,One,,Marine,,Mixed,,Juvenile/adult,,No,,Polar,,One,,,CV,
P_0280,Yes,,Multiple,2006,2006,,One,,Marine,,Female,,Juvenile/adult,,No,,Polar,,One,,,CV,
P_0035,Yes,,Multiple,2017,2017,,One,,Marine,,Female,,Juvenile/adult,,No,,Polar,,Multiple,,,CV,
P_0288,No,,Multiple,2014,2015,,One,,Marine,,Male,,Juvenile/adult,,Yes,"Relationships between organohalogen compounds, feeding habits and pathogen exposure were investigated",Polar,,One,,,CV,
P_0291,Yes,,Multiple,2000,2007,,One,,Marine,,Mixed,,Juvenile/adult,,Yes,"Investigated trends of PFAS in liver of seal including maternal transfer, bioacuumulation profile of long chain PFAS",Temperate,,One,,,CV,
P_0299,No,,One,1999,2010,,One,,Marine,,Mixed,,Juvenile/adult,,Yes,Assessed lesions in liver and analysed effects from contaminant concentrations (including PFCs),Polar,,Multiple,,,CV,
P_0300,Yes,,Multiple,2000,2017,,Multiple,,Marine,,Mixed,,Mixed,,No,,Mixed,,One,,,CV,
P_0306,No,,Multiple,2000,2014,,One,,Marine,,Female,,Juvenile/adult,,Yes,Correlation between space use and contaminant burden,Polar,,One,,,CV,
P_0015,Yes,,Multiple,2012,2013,,One,,Marine,,Female,,Juvenile/adult,,Yes,"Correlation of PFAS burdens and multiple factors (habitat quality, season, year, diet, metabolic state [i.e. feeding/fasting], breeding status and age)",Polar,,One,,,CV,
P_0311,No,,Multiple,2007,2010,,One,,Marine,,Mixed,,Juvenile/adult,,Yes,Investigated use of fur as biomarker for POPs,Temperate,,One,,,CV,
P_0317,Yes,,Multiple,1994,2000,,Multiple,,Marine,,Mixed,,Juvenile/adult,,Yes,Link between PFAS exposure level and stable isotope ratios,Temperate,,Multiple,,,CV,
P_0319,Yes,,Multiple,1997,1998,,One,,Marine,,Mixed,,Mixed,,Yes,Link between PFAS concentration and stable isotope measurements investigated to see intraspecies segregation,Temperate,,Multiple,,,CV,
P_0028,Yes,,Multiple,1996,2014,,One,,Marine,,Mixed,,Juvenile/adult,,No,Temporal trends,Polar,,One,,,CV,
P_0033,Yes,,Multiple,2012,2018,,Multiple,,Marine,,Mixed,,Juvenile/adult,,No,Temporal trends,Tropical,,One,,,CV,
,,,,,,,,,,,,,,,,,,,,,,,
P_0034,Yes,,Multiple,2009,2019,,One,,Marine,,Mixed,,Juvenile/adult,,Yes,Temporal trends and tissue specific bioaccumulation of PFAS,Subtropical,,Multiple,,,CV,
P_0052,Yes,,Multiple,2014,2016,,Multiple,,Marine,,Unknown,,Juvenile/adult,,Yes,Exposure risks of PFOA and PFOS to human health evaluated,Mixed,,One,,Excluded,CV,
P_0316,Yes,,Multiple,2002,2002,,One,,Marine,,Mixed,,Juvenile/adult,,Yes,"Tissue specific differences in PFAS concentration and accumulation, relationship between PFDA and body length",Temperate,,Multiple,,,CV,
P_0061,Yes,,Multiple,2010,2012,,One,,Terrestrial Inland,,Mixed,,Juvenile/adult,,Yes,Effect of body condition on tissue distribution of PFAS,Polar,,Multiple,,,CV,
P_0070,Yes,,Multiple,2012,2015,,One,,Freshwater,,Mixed,,Juvenile/adult,,Yes,"Positive correlation between PFAAS and snout-vent length in alligators suggesting PFAS body burden increases with size, Relationship between PFAS body burdens and parameters including sex, body size and location investigated",Subtropical,,One,,,CV,
P_0071,Yes,,Multiple,2011,2012,,One,,Estuarine,,Mixed,,Juvenile/adult,,Yes,"Sex specific site differences in PFAS concentration, Negative correlations between PFAS and body mass",Subtropical,,One,,,CV,
P_0087,No,,Multiple,2009,2009,,One,,Freshwater,,Unknown,,Eggs/early development,,No,,Subtropical,,One,,,CV,
P_0104,Yes,,Multiple,2017,2017,,Multiple,"Species not specified, so not sure",Terrestrial Coastal,,Mixed,,Mixed,,Yes,"PFAS concentration higher in eggs than legs and body, PFAS accumulated differs on ocean from which originated",Mixed,,Multiple,,,CV,
P_0105,Yes,,Multiple,2012,2013,,One,,Freshwater,,Mixed,,Juvenile/adult,,Yes,"Correlations between length, spatial differences and sex with PFAS load + accumulation determined",Subtropical,,One,,,CV,
P_0109,No,,Multiple,2017,2018,,Multiple,,Terrestrial Inland,,Unknown,,Juvenile/adult,,No,,Temperate,,Multiple,,,CV,
P_0121,No,,Multiple,2009,2010,,Multiple,,Marine,,Unknown,,Juvenile/adult,,Yes,"Influence of land use, storm water discharge, and treated wastewater effluent on PFAS concentrations",Subtropical,,One,,,CV,
P_0047,Yes,,Multiple,2017,2017,,Multiple,,Marine,,Unknown,,Juvenile/adult,,No,,Temperate,,One,,,CV,
P_0025,Yes,,Multiple,2017,2017,,One,,Terrestrial Inland,,Mixed,,Juvenile/adult,,Yes,Relationship between PFAS and neuro-DA and steroid hormone homeostasis,Temperate,,One,,,CV,
P_0160,Yes,,Multiple,2002,2008,,One,,Marine,,Unknown,,Juvenile/adult,,No,,Subtropical,,One,,,CV,
P_0185,No,,Multiple,2017,2017,,Multiple,,Freshwater,,Unknown,,Juvenile/adult,,No,,Temperate,,One,,,CV,
P_0191,Yes,,Multiple,1995,2000,,Multiple,,Mixed,,Mixed,,Juvenile/adult,,Yes,Relationship between PFOS and lipid content in mink liver,Mixed,,One,,,CV,
P_0196,Yes,,One,1996,1998,,One,,Marine,,Unknown,,Juvenile/adult,,No,,Mixed,,One,,,CV,
,,,,,,,,,,,,,,,,,,,,,,,
P_0030,Yes,,Multiple,2017,2018,,Multiple,,Mixed,,Unknown,,Juvenile/adult,,Yes,"Evidence that PFAS can propagate to riparian food web via aquatic insects, bioaccumulation",Temperate,,Multiple,,,CV,
,,,,,,,,,,,,,,,,,,,,,,,
P_0302,Yes,,Multiple,1968,2015,,One,,Terrestrial Inland,,Unknown,,Juvenile/adult,,Yes,Spatiotemporal Trends,Mixed,,One,,,CV,
P_0043,Yes,,Multiple,2016,2018,,One,,Terrestrial Inland,,Mixed,,Juvenile/adult,,Yes,Influence of PFAS on circulating thyroid hormones and immune-related microRNA expression,Temperate,,one,,,CV,
P_0305,Yes,,Multiple,2019,2019,,multiple,,terrestrial coastal,,Unknown,,Juvenile/adult,,Yes,Correlation between PFAS and body morphometrics,Subtropical,,one,,,CV,
P_0307,Yes,,Multiple,2012,2012,,one,,terrestrial coastal,,Mixed,,Juvenile/adult,,Yes,Relationship between PFAS and corticosterone and between PFAS and reproductive success,polar,,one,,,CV,
P_0322,Yes,,Multiple,2004,2004,,one,,terrestrial coastal,,Mixed,,Juvenile/adult,,No,,polar,,multiple,,,CV,
P_0323,Yes,,Multiple,2009,2009,,one,,terrestrial coastal,,Unknown,,Eggs/early development,,No,,Subtropical,,one,,,CV,
P_0324,Yes,,Multiple,1986,2014,,one,,Terrestrial coastal,,Unknown,,Eggs/early development,,Yes,Temporal trends,polar,,one,,,CV,
P_0328,Yes,,Multiple,2004,2006,,multiple,,Terrestrial Inland,,Unknown,,Eggs/early development,,no,,Subtropical,,one,,,CV,
P_0329,no,,Multiple,2010,2011,,one,,Terrestrial Inland,,Unknown,,Eggs/early development,,,Evaluating snow buntings as bio-indicator for POPs exposure,polar,,one,,,CV,
P_0041,no,,Multiple,2015,2015,,multiple,,Freshwater,,Unknown,,Juvenile/adult,,no,,Temperate,,one,,,CV,
P_0046,no,,one,1995,2014,,one,,Freshwater,,Unknown,,Juvenile/adult,,yes,Temporal trends,Temperate,,one,,,CV,
P_0023,yes,,Multiple,2015,2016,,multiple,,Freshwater,,Unknown,,Juvenile/adult,,no,,Temperate,,one,,,CV,
P_0027,yes,,Multiple,2008,2008,,multiple,,Mixed,,Unknown,,Juvenile/adult,,yes,PFAS concentrations and association with morphometric health indices,tropical,,multiple,,,CV,
P_0021,yes,,Multiple,2018,2018,,multiple,,marine,,Unknown,,Juvenile/adult,,no,,Temperate,,multiple,,,CV,
P_0032,yes,,Multiple,2018,2018,,multiple,,Freshwater,,Unknown,,Juvenile/adult,,yes,"Evaluation of trophic magnification factor, bioaccumulation, transport of PFAS",Temperate,,multiple,,,CV,
P_0011,yes,,Multiple,2005,2007,,multiple,,Freshwater,,Unknown,,Juvenile/adult,,no,,Temperate,,multiple,,,CV,
P_0039,yes,,Multiple,2011,2014,,one,,Freshwater,,Unknown,,Juvenile/adult,,no,,Temperate,,multiple,,,CV,
P_0024,yes,,Multiple,Unknown,Unknown,,multiple,,Estuarine,,Unknown,,Juvenile/adult,,yes,Bioaccumulation,tropical,,multiple,,,CV,
P_0037,yes,,Multiple,2015,2019,,multiple,,Freshwater,,Unknown,,Juvenile/adult,,yes,"Impact of depth of lake on PFAS concentration in fish, PFAS transport mechanisms",Temperate,,multiple,,,CV,
P_0017,yes,,Multiple,2006,2006,,one,,Freshwater,,unknown,,Juvenile/adult,,no,,Temperate,,one,,,CV,
P_0014,yes,,Multiple,2009,2014,,multiple,,mixed,,unknown,,Mixed,,yes,"Temporal trends, exposure pathways, and precursor compounds analysis",Subtropical,,multiple,,,CV,
P_0026,no,,Multiple,2006,2016,,multiple,,mixed,,unknown,,Juvenile/adult,,yes,Biomagnification factors,Temperate,,multiple,,,CV,
P_0357,yes,,Multiple,2018,2018,,multiple,,mixed,,unknown,,Juvenile/adult,,yes,Bioaccumulation,polar,,multiple,,,CV,
P_0013,yes,,Multiple,unknown,unknown,,multiple,,Estuarine,,unknown,,Juvenile/adult,,yes,Bioaccumulation,tropical,,multiple,,,CV,
P_0018,yes,,Multiple,1993,2008,,multiple,,Freshwater,,unknown,,Juvenile/adult,,yes,Bioaccumulation,Subtropical,,multiple,,,CV,
P_0040,yes,,Multiple,2013,2015,,multiple,,Mixed,,unknown,,Juvenile/adult,,yes,Bioconcentration profiles,Mixed,,multiple,,,CV,
P_0020,yes,,Multiple,2006,2006,,multiple,,Freshwater,,unknown,,Juvenile/adult,,no,,Temperate,,multiple,,,CV,
P_0038,yes,,Multiple,2016,2016,,one,,,,unknown,,Eggs/early development,,yes,Within? and among?clutch variation of PFAS concentration,Temperate,,one,,,CV,
P_0202,yes,,Multiple,2016,2016,,multiple,,Freshwater,,unknown,,Juvenile/adult,,yes,Point source characterization and estimation of bioaccumulation factors,Temperate,,one,,,CV,
P_0203,yes,,Multiple,2017,2017,,multiple,,mixed,,unknown,,Juvenile/adult,,yes,Organofluorine mass balance,temperate,,one,,,CV,
P_0220,yes,,Multiple,2018,2018,,multiple,,marine,,unknown,,Juvenile/adult,,yes,"Bioaccumulation, spatial distribution",temperate,,one,,,CV,
P_0236,yes,,Multiple,2007,2009,,multiple,,Terrestrial Inland,,unknown,,Juvenile/adult,,yes,Biomagnification,polar,,multiple,,,CV,
P_0237,no,,Multiple,2016,2016,,one,,marine,,unknown,,Juvenile/adult,,no,,Subtropical,,one,,,CV,
P_0244,yes,,Multiple,2012,2013,,multiple,,estuarine,,unknown,,Juvenile/adult,,yes,Temporal variations,temperate,,one,,,CV,
P_0254,yes,,Multiple,2015,2015,,multiple,,marine,,unknown,,Juvenile/adult,,,,Subtropical,,one,,,CV,
P_0263,yes,,Multiple,2004,2009,,one,,Terrestrial Inland,,male,,Juvenile/adult,,yes,"Relationship between PFAS concentration and age, body condition, and geographical area",temperate,,one,,,CV,
P_0271,yes,,Multiple,2013,2013,,multiple,,Terrestrial Inland,,unknown,,Juvenile/adult,,no,,temperate,,one,,,CV,
P_0275,yes,,Multiple,1972,2011,,one,,freshwater,,mixed,,Juvenile/adult,,yes,Temporal trends and spatial differences,temperate,,one,,,CV,
P_0282,yes,,Multiple,2013,2014,,multiple,not very clear,freshwater,,unknown,,Juvenile/adult,,yes,Ecological risk assessment,temperate,,one,,Excluded,CV,
P_0303,yes,,Multiple,2012,2012,,one,,freshwater,,mixed,,Juvenile/adult,,yes,"Evaluating beavers as potential POPs bioindicators, bioaccumulation assessment, developing analytical method",temperate,,multiple,,,CV,
P_0308,yes,,Multiple,2015,2017,,one,,estuarine,,unknown,,Juvenile/adult,,yes,Temporal and spatial Trends in PFAS concentrations,Subtropical,,one,,,CV,
P_0310,yes,,Multiple,unknown,unknown,,one,,estuarine,,unknown,,Juvenile/adult,,yes,Metabolomic profiles in relation to PFAS concentrations,Subtropical,,one,,,CV,
P_0318,yes,,one,2001,2001,,multiple,,mixed,,unknown,,Juvenile/adult,,yes,Distribution patterns of PFOS,temperate,,multiple,,,CV,
P_0330,no,,Multiple,2002,2002,,one,,Terrestrial Inland,,mixed,,Juvenile/adult,,yes,"Toxicokinetics, maternal transfer and hepatic sequestration of PFAS",tropical,,one,,,CV,
P_0332,no,,Multiple,unknown,unknown,,multiple,,freshwater,,unknown,,Juvenile/adult,,yes,Spatial bioaccumulation,temperate,,one,,,CV,
P_0348,yes,,Multiple,2009,2009,,one,,Terrestrial Inland,,unknown,,Juvenile/adult,,yes,"Evaluation of migration pathways of PFAS, investigation on partitioning of PFAS from soil to plants into earthworms",temperate,,one,,,CV,
,,,,,,,,,,,,,,,,,,,,,,,
,,,,,,,,,,,,,,,,,,,,,,,
,,,,,,,,,,,,,,,,,,,,,,,
,,,,,,,,,,,,,,,,,,,,,,,
P_0388,no,,Multiple,2016,2018,,one,,Terrestrial Inland,,unknown,,mixed,,yes,"Associations with dietary, biological and ecological factors",temperate,,multiple,,,CV,
P_0390,no,,Multiple,2017,2017,,multiple,,freshwater,,mixed,,Juvenile/adult,,yes,Spatial profiles of PFAS,tropical,,multiple,,,CV,
P_0392,yes,,Multiple,2015,2015,,one,,freshwater,,male,,Juvenile/adult,,yes,Difference in PFASs levels between raw and cooked fish,temperate,,one,,,CV,
P_0393,no,,Multiple,2016,2017,,one,,Terrestrial Inland,,unknown,,Mixed,,yes,Effects of chemical contaminants in birds,temperate,,multiple,,,CV,
P_0394,no,,Multiple,2018,2019,,multiple,,estuarine,,unknown,,Juvenile/adult,,yes,Evaluating the impact of coastal urbanization on pollutant concentrations in marine animals.,subtropical,,one,,,CV,
P_0398,yes,,Multiple,2015,2015,,multiple,,freshwater,,unknown,,Juvenile/adult,,yes,Trophodynamics of PFAS in the food web,temperate,,multiple,,,CV,
P_0399,yes,,Multiple,2016,2016,,multiple,,estuarine,,unknown,,Juvenile/adult,,yes,Spatial distribution of PFASs in the aquatic food webs,subtropical,,multiple,,,CV,
P_0400,yes,,Multiple,2010,2010,,multiple,,terrestrial coastal,,unknown,,Eggs/early development,,no,,tropical,,one,,,CV,
P_0401,no,,Multiple,2017,2018,,one,,Terrestrial Inland,,mixed,,Juvenile/adult,,yes,Spatio-temporal variation,temperate,,multiple,,,CV,
P_0403,yes,,Multiple,unknown,unknown,,one,,freshwater,,unknown,,Juvenile/adult,,yes,Tissue distribution and bioaccumulation of PFOS,temperate,,multiple,,,CV,
P_0404,no,,Multiple,2018,2018,,one,,freshwater,,mixed,,Juvenile/adult,,yes,bioaccumulation and sexually dimorphic growth-dependent accumulation of POPs,temperate,,one,,,CV,
P_0405,yes,,Multiple,2012,2013,,multiple,,marine,,unknown,,Juvenile/adult,,yes,Trophic transfer of PFAS,polar,,multiple,,,CV,
P_0406,yes,,Multiple,2003,2015,,one,,marine,,mixed,,Juvenile/adult,,yes,Temporal trends,subtropical,,one,,,CV,
P_0407,yes,,Multiple,2011,2011,,multiple,,freshwater,,mixed,,Juvenile/adult,,yes,Tissue distribution of PFAS,temperate,,multiple,,,CV,
P_0408,yes,,Multiple,2017,2018,,multiple,,Terrestrial Inland,,unknown,,Juvenile/adult,,yes,Biomagnification Potential and comparison between skiing and non-skiing areas,temperate,,multiple,,,CV,
P_0409,yes,,Multiple,1968,2015,,one,,Terrestrial coastal,,unknown,,Juvenile/adult,,yes,"Spatiotemporal trends, feasibility of archived feathers in
reconstructing temporal trends of PFAS and",mixed,,one,,,CV,
P_0410,no,,Multiple,2015,2016,,one,,Terrestrial Inland,,unknown,,Juvenile/adult,,yes,Correlation between PFAS concentration in different tissues,Mixed,,multiple,,,CV,
P_0411,yes,,Multiple,2017,2017,,multiple,,freshwater,,unknown,,Juvenile/adult,,yes,Bioaccumulation of PFAS in different biological tissues,temperate,,multiple,,,CV,
P_0412,no,,Multiple,2017,2017,,multiple,,marine,,unknown,,Juvenile/adult,,no,,subtropical,,multiple,,,CV,
P_0413,no,,Multiple,2012,2013,,multiple,,marine,,unknown,,Juvenile/adult,,yes,Environmental risk assessment,temperate,,one,,,CV,
P_0414,yes,,Multiple,2013,2017,,multiple,,marine,,unknown,,Juvenile/adult,,yes,Spatial distribution and temporal profile shifts,temperate,,one,,,CV,
P_0415,no,,Multiple,2016,2016,,one,,terrestrial coastal,,unknown,,Eggs/early development,,yes,Potential effect of migration strategy on PFAS occurrence in bird eggs,polar,,one,,,CV,
P_0416,yes,,Multiple,unknown,unknown,,multiple,,estuarine,,unknown,,Juvenile/adult,,yes,Effects of cooking methods on PFAS concentrations,subtropical,,one,,,CV,
P_0417,yes,,Multiple,2010,2013,,one,,Terrestrial Inland,,mixed,,Juvenile/adult,,yes,comparison of PFAS concentrations in birds with human PFAS concentrations and comparison to previously calculated avian serum toxicity reference values,mixed,,one,,,CV,
P_0418,yes,,Multiple,2015,2017,,one,,marine,,unknown,,Juvenile/adult,,no,,mixed,,one,,,CV,
P_0419,yes,,Multiple,2014,2014,,multiple,,estuarine,,unknown,,Juvenile/adult,,yes,Dietary exposure and risk assessment in humans and dolphins,subtropical,,multiple,,,CV,
P_0452,yes,,Multiple,2015,2015,,one,,freshwater,,mixed,,Juvenile/adult,,yes,Bioaccumulation and tissue distribution,subtropical,,multiple,,,CV,
P_0453,yes,,Multiple,2013,2013,,multiple,,terrestrial coastal,,unknown,,Juvenile/adult,,yes,Development and validation of a fast and rugged method for PFAS analysis,polar,,one,,,CV,
P_0455,yes,,Multiple,1986,2013,,multiple,,marine,,unknown,,Juvenile/adult,,yes,Temporal trends and bioaccumulation modeling,polar,,multiple,,,CV,
P_0456,yes,,Multiple,2010,2014,,multiple,,marine,,unknown,,Juvenile/adult,,yes,"Spatial and temporal variations in the Bohai Sea, and trophic transfer of PFAS",temperate,,multiple,,,CV,
P_0457,no,,Multiple,2010,2014,,one,,Terrestrial Inland,,unknown,,Juvenile/adult,,yes,Relationship between contaminants in sediment and tree swallow diet and nestling carcasses,temperate,,multiple,,,CV,
P_0459,no,,Multiple,2010,2015,,one,,freshwater,,mixed,,Juvenile/adult,,yes,Correlations between intersex and molecular biomarkers and anthropogenic pollutants,temperate,,one,,,CV,
P_0420,no,,Multiple,2010,2010,,multiple,,freshwater,,unknown,,Juvenile/adult,,yes,"Relations on the presence of contaminants to fish species, their position in the food web and their theoretical diet",mixed,,one,,,CV,
P_0460,yes,,Multiple,2013,2013,,one,,marine,,female,,Juvenile/adult,,no,,subtropical,,multiple,,,CV,
P_0461,yes,,Multiple,2014,2014,,multiple,,freshwater,,unknown,,Juvenile/adult,,yes,"Spatial distribution of PFAS, bioconcentration
behaviour of individual PFAS, human health risk",tropical,,one,,,CV,
P_0462,no,,Multiple,2012,2012,,one,,marine,,unknown,,Juvenile/adult,,yes,Bioaccumulation and human exposure of PFAS by tuna consumption,subtropical,,one,,,CV,
P_0463,no,,Multiple,unknown,unknown,,one,,marine,,mixed,,Juvenile/adult,,yes,Correlation between body contamination and biochemical responses of stress in sharks,subtropical,,multiple,,,CV,
P_0466,yes,,Multiple,2010,2010,,multiple,,freshwater,,unknown,,Juvenile/adult,,yes,Relationship between PFAS in fish and water physical parameters,subtropical,,one,,,CV,
P_0467,no,,Multiple,2008,2012,,multiple,,marine,,unknown,,Juvenile/adult,,yes,Human exposure assessment,polar,,multiple,,,CV,
P_0468,no,,Multiple,1987,2007,,one,,marine,,male,,Juvenile/adult,,yes,"correlations among different POPs classes and vitamins, temporal trends, a comparison among the legacy POPs, recently phased out/current-use POPs",polar,,multiple,,,CV,
P_0469,yes,,Multiple,unknown,unknown,,multiple,,freshwater,,unknown,,Juvenile/adult,,yes,Identification of PFAS sources and determination of bioconcentration and bioaccumulation,Mixed,,one,,,CV,
P_0470,yes,,Multiple,2012,2012,,one,,Terrestrial Inland,,mixed,,Juvenile/adult,,yes,"Developing analytical method, assessment of beavers as biomonitors for environmental pollution",temperate,,multiple,,,CV,
P_0471,yes,,Multiple,2014,2014,,one,,freshwater,,mixed,,Juvenile/adult,,yes,Human dietary exposure through fish consumption,temperate,,one,,,CV,
P_0472,yes,,Multiple,2011,2011,,multiple,,freshwater,,unknown,,Juvenile/adult,,yes,abandoned airfield as potential PFAS source,temperate,,one,,,,
P_0473,yes,,Multiple,2011,2011,,multiple,,marine,,unknown,,Juvenile/adult,,no,,temperate,,one,,,,
P_0474,yes,,Multiple,2013,2013,,multiple,,freshwater,,unknown,,mixed,,yes,avreage daily intake and hazard ratio,temperate,,multiple,,,,
P_0475,no,,Multiple,1984,2008,,one,,freshwater,,unknown,,Eggs/early development,,yes,temporal trends,temperate,,one,,,,
P_0476,no,,Multiple,1995,2009,,one,,marine,,unknown,,Juvenile/adult,,yes,temporal trends,temperate,,one,,,,
P_0477,no,,Multiple,unknown,unknown,,one,,Terrestrial Inland,,male,,Juvenile/adult,,yes,Relationship between environmental pollutants and alterations in the reproductive system,temperate,,one,,,,
P_0478,yes,the study also examines correlations between the concentration of PFCAs and other persistent organic pollutant. PFAS focus yes or not?,Multiple,2012,2013,,one,,marine,,unknown,,Juvenile/adult,,yes,assessment of contribution of sea fish consumption to human PFCA exposure,temperate,,one,,,,
P_0506,yes,,Multiple,1990,2010,,one,,terrestrial coastal,,unknown,,Eggs/early development,,yes,temporal trends,temperate,,one,,,,
P_0507,yes,,Multiple,1998,2008,,multiple,,freshwater,,mixed,,Juvenile/adult,,yes,temporal trends and tissue distribution,mixed,,multiple,,,,
P_0508,yes,,Multiple,2003,2009,,one,,freshwater,,unknown,,Juvenile/adult,,yes,temporal trends and masurement of bioaccumulation factoris,temperate,,one,,,,
P_0509,yes,,Multiple,1986,2009,,one,,Terrestrial Inland,,unknown,,Eggs/early development,,yes,temporal trends and pattern,temperate,,one,,,,
P_0510,yes,,Multiple,2008,2008,,multiple,,mixed,,unknown,,Juvenile/adult,,no,,temperate,,one,,,,
P_0511,yes,,Multiple,1974,2008,,one,,marine,,mixed,,Juvenile/adult,,yes,temporal trends and toxicological implications fro grey seals exposed by PFCs,temperate,,one,,,,
P_0512,yes,,Multiple,2005,2006,,one,,marine,,unknown,,Juvenile/adult,,yes,Temporal and Spatial Trends,Mixed,,one,,,,
P_0513,yes,,Multiple,2005,2005,,multiple,,freshwater,,unknown,,Juvenile/adult,,,Biomonitoring and environmental impact of AFFF release,temperate,,one,,,,
,,,,,,,,,,,,,,,,,,,,,,,
,,,,,,,,,,,,,,,,,,,,,,,
,,,,,,,,,,,,,,,,,,,,,,,
,,,,,,,,,,,,,,,,,,,,,,,
,,,,,,,,,,,,,,,,,,,,,,,
,,,,,,,,,,,,,,,,,,,,,,,
,,,,,,,,,,,,,,,,,,,,,,,
,,,,,,,,,,,,,,,,,,,,,,,
,,,,,,,,,,,,,,,,,,,,,,,
,,,,,,,,,,,,,,,,,,,,,,,
,,,,,,,,,,,,,,,,,,,,,,,
,,,,,,,,,,,,,,,,,,,,,,,
,,,,,,,,,,,,,,,,,,,,,,,
,,,,,,,,,,,,,,,,,,,,,,,
,,,,,,,,,,,,,,,,,,,,,,,
,,,,,,,,,,,,,,,,,,,,,,,
,,,,,,,,,,,,,,,,,,,,,,,
,Cat's extractions,,,,,,,,,,,,,,,,,,,,,,
P_0358,Yes,,Multiple,2019,2019,,one,,Terrestrial coastal,,unknown,,Eggs/early development,,yes,PFAS conc in relation to urban proximity of breeding location,Subtropical,,one,,,LR,
P_0359,Yes,,Multiple,2008,2020,,one,,Marine,,mixed,,Juvenile/adult,,yes,Investigating the role of bottlenose dolphins as sentinels for the region's pollutant levels,Subtropical,,one,,,LR,
P_0361,Yes,,Multiple,2018,2018,,one,,freshwater,,unknown,,Juvenile/adult,,yes,Fluorine mass balance analysis,Temperate,,one,,,LR,
P_0362,Yes,,Multiple,2004,2017,,one,,Terrestrial Inland,,mixed,,Juvenile/adult,,yes,Bioaccumulation and temporal trends,Temperate,,one,,,LR,
P_0363,,,,,,,,,,,,,,,,,,,,,Excluded,LR,
P_0364,Yes,,Multiple,2017,2020,,multiple,,Marine,,unknown,,Juvenile/adult,,no,,Subtropical,,one,,,LR,
P_0365,Yes,,Multiple,2020,2020,,multiple,,Terrestrial Inland,,unknown,,Juvenile/adult,,yes,Assessment of potential of ticks as novel sentinel for assessing environmental PFAS burdens,Mixed,,one,,,LR,
P_0369,Yes,,Multiple,2018,2018,,multiple,,Marine,,unknown,,Juvenile/adult,,no,,Subtropical,,multiple,,,LR,
P_0370,Yes,,Multiple,2017,2018,,multiple,,Mixed,,unknown,,Juvenile/adult,,yes,Transfer of PFAS from Aquatic to terrestrial environment,Temperate,,one,,,LR,
P_0366,No,,Multiple,2013,2014,,one,,Terrestrial coastal,,mixed,,Juvenile/adult,,yes,Temporal trends and correlation of PFAS conc and body condition,Polar,,one,,,LR,
P_0371,Yes,,Multiple,2011,2013,,multiple,,Marine,,Unknown,,Mixed,,yes,"Correlation of PFAS conc with tropic level, proximity to human populations and military bases, maternal transfer to eggs & reproductive success",Tropical,,multiple,,,LR,
P_0372,Yes,,Multiple,2012,2018,,one,,Terrestrial coastal,,Unknown,,Eggs/early development,,yes,Temporal and spatial trends,Temperate,,one,,,LR,
P_0373,Yes,,Multiple,2018,2018,,one,,Freshwater,,Mixed,,Juvenile/adult,,yes,"Correlation between PFAS conc with site, sex, season and type of land use",Temperate,,one,,,LR,
P_0376,Yes,,Multiple,2016,2018,,multiple,,Terrestrial coastal,,Mixed,,Juvenile/adult,,yes,"Correlation between PFAS conc with body condition & level of thyroid hormons,",Temperate,,one,,,LR,
P_0378,No,,Multiple,2014,2015,,multiple,,Freshwater,,Unknown,,Juvenile/adult,,yes,Comparison of PFAS conc in fish and fish consumers,Temperate,,one,,,LR,
P_0379,Yes,,Multiple,2018,2018,,multiple,,Marine,,Unknown,,Juvenile/adult,,yes,"Bioaccumulation, trophic transfer and biomagnification of PFAS",Subtropical,,multiple,,,LR,
P_0380,Yes,,Multiple,2004,2018,,multiple,,Freshwater,,Unknown,,Juvenile/adult,,yes,Temporal trends,Temperate,,one,,,LR,
P_0381,Yes,,Multiple,2018,2018,,multiple,,Terrestrial inland,,Unknown,,Juvenile/adult,,yes,"Relationship between PFAs conc in ducks and that in water, sediment and soil",Temperate,,multiple,,,LR,
P_0383,Yes,,Multiple,2018,2018,,multiple,,Marine,,Unknown,,Juvenile/adult,,yes,Bioaccumulation and biomagnificaton in subtropical marine food web,Subtropical,,multiple,,,LR,
P_0385,Yes,,Multiple,2015,2015,,multiple,,Freshwater,,Unknown,,Juvenile/adult,,yes,Tissue distribution and bioaccumulation of PFAS,Subtropical,,multiple,,,LR,
P_0386,No,,Multiple,2012,2016,,multiple,,Mixed,,Unknown,,Juvenile/adult,,yes,Bioaccumulation in aquatic environment,Subtropical,,multiple,,,,
P_0387,Yes,,Multiple,2017,2017,,multiple,,Estuarine,,Unknown,,Juvenile/adult,,yes,Correlation between animal size and PFAS conc in muscle tissue,Subtropical,,multiple,,,LR,
P_0421,Yes,,Multiple,2003,2017,,one,,Mixed,,Mixed,,Juvenile/adult,,yes,"Correlations between PFAS values and physical morphology, PFAS distribution across different locations",Mixed,,one,,,LR,
P_0422,Yes,,Multiple,1989,2015,,multiple,,Terrestrial inland,,Unknown,,Juvenile/adult,,yes,"Temporal trends, accumulation patterns in dependence of environmental indicators",Temperate,,multiple,,,LR,
P_0424,Yes,,Multiple,2016,2017,,one,,Freshwater,,Unknown,,Juvenile/adult,,no,,Temperate,,one,,,LR,
P_0425,Yes,,Multiple,unknown,unknown,,multiple,,estuarine,,Unknown,,Juvenile/adult,,yes,Assessment of human health risk,Subtropical,,one,,,LR,
P_0426,Yes,,Multiple,2013,2014,,multiple,,Freshwater,,Unknown,,Mixed,,yes,"tissues distribution and human consumption
exposure",Temperate,,multiple,,,LR,
P_0427,Yes,,Multiple,2016,2018,,multiple,,Freshwater,,Unknown,,Mixed,,yes,"identify potential emission sources of PFASs, evaluate the exposure levels of individual PFASs to people",Temperate,,multiple,,,LR,
P_0428,No,,One,2003,2017,,one,,Marine,,Unknown,,Juvenile/adult,,yes,Suitability of specimen bank samples for pollutant assessment,Temperate,,multiple,,,,
P_0430,No,,Multiple,2008,2008,,one,,Marine,,Mixed,,Juvenile/adult,,yes,associations between circulating concentrations of THs and PFASs in adult female hooded seals and their nursing pups,Polar,,one,,,LR,
P_0431,No,,One,2016,2016,,multiple,,Terrestrial coastal,,Unknown,,Eggs/early development,,yes,"Comparison of Pops levels between species, potential risks of POPs on eggshell thickness and egg size",Mixed,,one,,,LR,
P_0433,Yes,,Multiple,2014,2014,,multiple,,Mixed,,Unknown,,Juvenile/adult,,yes,"Biomagnification and trophic transfer within the food chain, human risk assessment",Subtropical,,multiple,,,LR,
P_0434,Yes,,Multiple,2015,2016,,multiple,,Estuarine,,Unknown,,Juvenile/adult,,yes,Bioaccumulation of PFAS and spatial trends,Subtropical,,one,,,LR,
P_0435,Yes,,Multiple,2015,2015,,multiple,,Freshwater,,Unknown,,Juvenile/adult,,no,,Subtropical,,one,,,LR,
P_0436,Yes,,Multiple,2009,2014,,one,,Terrestrial inland,,Unknown,,Eggs/early development,,yes,Spatial variability of PFAS concentrations,Temperate,,one,,,LR,
P_0437,Yes,,Multiple,1993,2005,,multiple,,Marine,,Mixed,,Juvenile/adult,,yes,Comparison of PFAA concentrations in paired blubber samples to determine if this lipid rich tissue could be used as a blank tissue for PFAA concentrations in each animal,Temperate,,multiple,,,LR,
P_0438,Yes,,Multiple,2014,2014,,one,,Freshwater,,Mixed,,Juvenile/adult,,yes,Tissue Distribution and Bioaccumulation of PFAS,Subtropical,,multiple,,,LR,
P_0440,Yes,,Multiple,2016,2016,,one,,Estuarine,,Female,,Juvenile/adult,,yes,PFAS burden in correlation with fecundity,Subtropical,,multiple,,,LR,
P_0441,Yes,,Multiple,2016,2016,,one,,Terrestrial inland,,Mixed,,Juvenile/adult,,yes,"Relationships of PFAS exposure with fluorochemical industrial activities, as well as sexand age-related differences",Mixed,,multiple,,,LR,
P_0442,Yes,,Multiple,2015,2015,,multiple,,Marine,,Unknown,,Juvenile/adult,,yes,Estimate potential health risks for local people consumption of PFAS-contaminated coral reef fish,tropical,,one,,,LR,
P_0445,No,,Multiple,2012,2013,,one,,Marine,,Female,,Juvenile/adult,,yes,Impact of pollutants on lipid metabolism,Polar,,one,,,,
P_0446,No,,Multiple,2010,2014,,one,,Terrestrial inland,,Unknown,,Juvenile/adult,,yes,"EROD activity, chromosomal damage, and oxidative stress in response to contaminants exposure",Temperate,,one,,,,
P_0447,,,,,,,,,,,,,,,,,,,,,Exclude,,
P_0448,Yes,,Multiple,2015,2015,,multiple,,Marine,,Unknown,,Juvenile/adult,,yes,"Spatial variation, human risk assessment",tropical,,multiple,,,,
P_0450,Yes,,Multiple,2015,2015,,one,,Freshwater,,Unknown,,Juvenile/adult,,yes,Human exposure from aligator meat,Subtropical,,one,,,,
P_0451,Yes,,Multiple,2014,2016,,one,,Freshwater,,Male,,Juvenile/adult,,yes,PFAs burden in relation to health status,Subtropical,,multiple,,,,
